weeks_included,model,team_name,model_name,target_variable,horizon,location,rel_ae,rel_wis,cov_50,cov_95,bias,n,n_loc,location_name,eval_date
All,Unweighted mean,EuroCOVIDhub,mean,Cases,1,CY,0.68,0.8,0.57,1,0.06,7,1,Cyprus,2021-04-26
All,Unweighted median,EuroCOVIDhub,median,Cases,1,CY,0.63,0.64,0.57,1,-0.11,7,1,Cyprus,2021-04-26
All,Unweighted mean,EuroCOVIDhub,mean,Cases,2,CY,0.93,0.95,0.5,1,-0.1,6,1,Cyprus,2021-04-26
All,Unweighted median,EuroCOVIDhub,median,Cases,2,CY,1.01,0.89,0.5,1,-0.13,6,1,Cyprus,2021-04-26
All,Unweighted mean,EuroCOVIDhub,mean,Cases,3,CY,1.09,1.06,0.4,1,0.02,5,1,Cyprus,2021-04-26
All,Unweighted median,EuroCOVIDhub,median,Cases,3,CY,1.24,0.95,0.8,1,-0.08,5,1,Cyprus,2021-04-26
All,Unweighted mean,EuroCOVIDhub,mean,Cases,4,CY,1.16,1.23,0.5,1,0.08,4,1,Cyprus,2021-04-26
All,Unweighted median,EuroCOVIDhub,median,Cases,4,CY,1.24,1.19,0.75,1,-0.08,4,1,Cyprus,2021-04-26
All,Weighted mean,EuroCOVIDhub,All_relative_skill_weighted_mean,Cases,1,Overall,0.7,0.66,0.75,0.97,0.11,107,28,NA,2021-05-03
All,Weighted median,EuroCOVIDhub,All_relative_skill_weighted_median,Cases,1,Overall,0.74,0.64,0.68,0.97,0.12,107,28,NA,2021-05-03
All,Unweighted mean,EuroCOVIDhub,mean,Cases,1,Overall,0.75,0.72,0.71,0.97,0.07,231,32,NA,2021-05-03
All,Unweighted median,EuroCOVIDhub,median,Cases,1,Overall,0.8,0.66,0.65,0.97,0.05,231,32,NA,2021-05-03
All,Unweighted mean,EuroCOVIDhub,mean,Cases,2,Overall,0.87,0.8,0.52,0.94,0.1,199,31,NA,2021-05-03
All,Unweighted median,EuroCOVIDhub,median,Cases,2,Overall,0.88,0.8,0.46,0.94,0.08,199,31,NA,2021-05-03
All,Unweighted mean,EuroCOVIDhub,mean,Cases,3,Overall,1.11,1.05,0.44,0.91,0.2,170,31,NA,2021-05-03
All,Unweighted median,EuroCOVIDhub,median,Cases,3,Overall,1.1,1,0.45,0.91,0.13,170,31,NA,2021-05-03
All,Unweighted mean,EuroCOVIDhub,mean,Cases,4,Overall,1.42,1.33,0.38,0.88,0.26,143,31,NA,2021-05-03
All,Unweighted median,EuroCOVIDhub,median,Cases,4,Overall,1.36,1.21,0.4,0.9,0.17,143,31,NA,2021-05-03
All,Weighted mean,EuroCOVIDhub,All_relative_skill_weighted_mean,Deaths,1,Overall,0.42,0.61,0.74,0.99,0.06,104,26,NA,2021-05-03
All,Weighted median,EuroCOVIDhub,All_relative_skill_weighted_median,Deaths,1,Overall,0.44,0.59,0.71,0.97,0.03,104,26,NA,2021-05-03
All,Unweighted mean,EuroCOVIDhub,mean,Deaths,1,Overall,0.61,0.65,0.74,0.97,0.09,227,32,NA,2021-05-03
All,Unweighted median,EuroCOVIDhub,median,Deaths,1,Overall,0.57,0.62,0.71,0.98,0.05,227,32,NA,2021-05-03
All,Unweighted mean,EuroCOVIDhub,mean,Deaths,2,Overall,0.56,0.59,0.69,0.94,0.15,195,30,NA,2021-05-03
All,Unweighted median,EuroCOVIDhub,median,Deaths,2,Overall,0.55,0.56,0.69,0.98,0.07,195,30,NA,2021-05-03
All,Unweighted mean,EuroCOVIDhub,mean,Deaths,3,Overall,0.61,0.6,0.65,0.94,0.2,170,30,NA,2021-05-03
All,Unweighted median,EuroCOVIDhub,median,Deaths,3,Overall,0.66,0.61,0.66,0.97,0.12,170,30,NA,2021-05-03
All,Unweighted mean,EuroCOVIDhub,mean,Deaths,4,Overall,0.75,0.72,0.61,0.92,0.24,142,30,NA,2021-05-03
All,Unweighted median,EuroCOVIDhub,median,Deaths,4,Overall,0.72,0.67,0.63,0.96,0.14,142,30,NA,2021-05-03
All,Weighted mean,EuroCOVIDhub,All_relative_skill_weighted_mean,Cases,1,AT,0.69,0.63,0.75,1,0.25,4,1,Austria,2021-05-03
All,Weighted median,EuroCOVIDhub,All_relative_skill_weighted_median,Cases,1,AT,0.64,0.62,0.75,1,0.28,4,1,Austria,2021-05-03
All,Unweighted mean,EuroCOVIDhub,mean,Cases,1,AT,0.65,0.69,0.88,1,0.21,8,1,Austria,2021-05-03
All,Unweighted median,EuroCOVIDhub,median,Cases,1,AT,0.69,0.68,0.75,1,0.25,8,1,Austria,2021-05-03
All,Unweighted mean,EuroCOVIDhub,mean,Cases,2,AT,0.74,0.82,0.57,1,0.3,7,1,Austria,2021-05-03
All,Unweighted median,EuroCOVIDhub,median,Cases,2,AT,0.77,0.81,0.57,1,0.31,7,1,Austria,2021-05-03
All,Unweighted mean,EuroCOVIDhub,mean,Cases,3,AT,1.07,1.18,0.5,1,0.48,6,1,Austria,2021-05-03
All,Unweighted median,EuroCOVIDhub,median,Cases,3,AT,1.07,1.17,0.5,1,0.52,6,1,Austria,2021-05-03
All,Unweighted mean,EuroCOVIDhub,mean,Cases,4,AT,1.73,1.81,0.2,0.8,0.7,5,1,Austria,2021-05-03
All,Unweighted median,EuroCOVIDhub,median,Cases,4,AT,1.85,1.8,0.2,1,0.7,5,1,Austria,2021-05-03
All,Weighted mean,EuroCOVIDhub,All_relative_skill_weighted_mean,Deaths,1,AT,0.8,0.74,1,1,0.17,4,1,Austria,2021-05-03
All,Weighted median,EuroCOVIDhub,All_relative_skill_weighted_median,Deaths,1,AT,0.82,0.7,0.75,1,0.25,4,1,Austria,2021-05-03
All,Unweighted mean,EuroCOVIDhub,mean,Deaths,1,AT,0.68,0.73,1,1,0.05,8,1,Austria,2021-05-03
All,Unweighted median,EuroCOVIDhub,median,Deaths,1,AT,0.79,0.77,0.62,1,0.07,8,1,Austria,2021-05-03
All,Unweighted mean,EuroCOVIDhub,mean,Deaths,2,AT,0.51,0.69,1,1,0.11,7,1,Austria,2021-05-03
All,Unweighted median,EuroCOVIDhub,median,Deaths,2,AT,0.6,0.71,0.86,1,0.01,7,1,Austria,2021-05-03
All,Unweighted mean,EuroCOVIDhub,mean,Deaths,3,AT,0.52,0.75,0.83,1,0.2,6,1,Austria,2021-05-03
All,Unweighted median,EuroCOVIDhub,median,Deaths,3,AT,0.72,0.73,1,1,0.1,6,1,Austria,2021-05-03
All,Unweighted mean,EuroCOVIDhub,mean,Deaths,4,AT,0.87,0.89,1,1,0.22,5,1,Austria,2021-05-03
All,Unweighted median,EuroCOVIDhub,median,Deaths,4,AT,0.91,0.87,0.8,1,0.22,5,1,Austria,2021-05-03
All,Weighted mean,EuroCOVIDhub,All_relative_skill_weighted_mean,Cases,1,BE,0.66,1,0.75,1,0.2,4,1,Belgium,2021-05-03
All,Weighted median,EuroCOVIDhub,All_relative_skill_weighted_median,Cases,1,BE,0.71,1.01,0.75,1,0.32,4,1,Belgium,2021-05-03
All,Unweighted mean,EuroCOVIDhub,mean,Cases,1,BE,0.75,0.96,0.62,1,0.02,8,1,Belgium,2021-05-03
All,Unweighted median,EuroCOVIDhub,median,Cases,1,BE,0.83,0.89,0.62,1,0.02,8,1,Belgium,2021-05-03
All,Unweighted mean,EuroCOVIDhub,mean,Cases,2,BE,1.08,0.99,0.43,1,0.01,7,1,Belgium,2021-05-03
All,Unweighted median,EuroCOVIDhub,median,Cases,2,BE,1.09,1.04,0.29,0.86,0.06,7,1,Belgium,2021-05-03
All,Unweighted mean,EuroCOVIDhub,mean,Cases,3,BE,1.47,1.53,0.33,0.83,0.2,6,1,Belgium,2021-05-03
All,Unweighted median,EuroCOVIDhub,median,Cases,3,BE,1.56,1.58,0.5,0.83,0.18,6,1,Belgium,2021-05-03
All,Unweighted mean,EuroCOVIDhub,mean,Cases,4,BE,2.19,2.28,0.2,1,0.36,5,1,Belgium,2021-05-03
All,Unweighted median,EuroCOVIDhub,median,Cases,4,BE,2.32,2.25,0.4,1,0.3,5,1,Belgium,2021-05-03
All,Weighted mean,EuroCOVIDhub,All_relative_skill_weighted_mean,Deaths,1,BE,0.81,0.73,1,1,0.02,4,1,Belgium,2021-05-03
All,Weighted median,EuroCOVIDhub,All_relative_skill_weighted_median,Deaths,1,BE,0.6,0.65,1,1,0,4,1,Belgium,2021-05-03
All,Unweighted mean,EuroCOVIDhub,mean,Deaths,1,BE,0.84,0.68,0.88,1,-0.11,8,1,Belgium,2021-05-03
All,Unweighted median,EuroCOVIDhub,median,Deaths,1,BE,0.95,0.62,0.88,1,-0.14,8,1,Belgium,2021-05-03
All,Unweighted mean,EuroCOVIDhub,mean,Deaths,2,BE,0.7,0.52,1,1,-0.14,7,1,Belgium,2021-05-03
All,Unweighted median,EuroCOVIDhub,median,Deaths,2,BE,0.73,0.5,0.86,1,-0.19,7,1,Belgium,2021-05-03
All,Unweighted mean,EuroCOVIDhub,mean,Deaths,3,BE,0.67,0.52,0.83,1,-0.05,6,1,Belgium,2021-05-03
All,Unweighted median,EuroCOVIDhub,median,Deaths,3,BE,0.63,0.49,0.83,1,-0.15,6,1,Belgium,2021-05-03
All,Unweighted mean,EuroCOVIDhub,mean,Deaths,4,BE,1.14,0.67,0.6,1,-0.08,5,1,Belgium,2021-05-03
All,Unweighted median,EuroCOVIDhub,median,Deaths,4,BE,0.84,0.58,0.6,1,-0.2,5,1,Belgium,2021-05-03
All,Weighted mean,EuroCOVIDhub,All_relative_skill_weighted_mean,Cases,1,BG,0.47,0.54,1,1,0.28,4,1,Bulgaria,2021-05-03
All,Weighted median,EuroCOVIDhub,All_relative_skill_weighted_median,Cases,1,BG,0.46,0.46,0.75,1,0.35,4,1,Bulgaria,2021-05-03
All,Unweighted mean,EuroCOVIDhub,mean,Cases,1,BG,0.62,0.53,0.88,1,0.11,8,1,Bulgaria,2021-05-03
All,Unweighted median,EuroCOVIDhub,median,Cases,1,BG,0.65,0.48,0.62,1,0.17,8,1,Bulgaria,2021-05-03
All,Unweighted mean,EuroCOVIDhub,mean,Cases,2,BG,0.9,0.68,0.57,1,0.33,7,1,Bulgaria,2021-05-03
All,Unweighted median,EuroCOVIDhub,median,Cases,2,BG,0.8,0.64,0.57,1,0.37,7,1,Bulgaria,2021-05-03
All,Unweighted mean,EuroCOVIDhub,mean,Cases,3,BG,1.25,0.99,0.17,1,0.55,6,1,Bulgaria,2021-05-03
All,Unweighted median,EuroCOVIDhub,median,Cases,3,BG,1.21,0.96,0.17,1,0.57,6,1,Bulgaria,2021-05-03
All,Unweighted mean,EuroCOVIDhub,mean,Cases,4,BG,1.94,1.64,0.2,1,0.7,5,1,Bulgaria,2021-05-03
All,Unweighted median,EuroCOVIDhub,median,Cases,4,BG,2.08,1.6,0.2,1,0.64,5,1,Bulgaria,2021-05-03
All,Weighted mean,EuroCOVIDhub,All_relative_skill_weighted_mean,Deaths,1,BG,0.12,0.93,1,1,-0.03,4,1,Bulgaria,2021-05-03
All,Weighted median,EuroCOVIDhub,All_relative_skill_weighted_median,Deaths,1,BG,0.14,0.9,1,1,-0.1,4,1,Bulgaria,2021-05-03
All,Unweighted mean,EuroCOVIDhub,mean,Deaths,1,BG,0.75,0.95,0.75,1,-0.04,8,1,Bulgaria,2021-05-03
All,Unweighted median,EuroCOVIDhub,median,Deaths,1,BG,0.79,0.87,0.75,1,-0.04,8,1,Bulgaria,2021-05-03
All,Unweighted mean,EuroCOVIDhub,mean,Deaths,2,BG,0.96,1.04,0.57,1,0.16,7,1,Bulgaria,2021-05-03
All,Unweighted median,EuroCOVIDhub,median,Deaths,2,BG,1.18,1.14,0.57,1,0.19,7,1,Bulgaria,2021-05-03
All,Unweighted mean,EuroCOVIDhub,mean,Deaths,3,BG,1.3,1.4,0.67,1,0.4,6,1,Bulgaria,2021-05-03
All,Unweighted median,EuroCOVIDhub,median,Deaths,3,BG,1.63,1.66,0.67,1,0.48,6,1,Bulgaria,2021-05-03
All,Unweighted mean,EuroCOVIDhub,mean,Deaths,4,BG,2.25,2.06,0.6,1,0.44,5,1,Bulgaria,2021-05-03
All,Unweighted median,EuroCOVIDhub,median,Deaths,4,BG,2.6,2.32,0.6,1,0.46,5,1,Bulgaria,2021-05-03
All,Weighted mean,EuroCOVIDhub,All_relative_skill_weighted_mean,Cases,1,CH,0.73,1.09,1,1,0.08,4,1,Switzerland,2021-05-03
All,Weighted median,EuroCOVIDhub,All_relative_skill_weighted_median,Cases,1,CH,1.11,1.23,0.75,1,0.2,4,1,Switzerland,2021-05-03
All,Unweighted mean,EuroCOVIDhub,mean,Cases,1,CH,0.8,1.07,0.75,1,-0.2,8,1,Switzerland,2021-05-03
All,Unweighted median,EuroCOVIDhub,median,Cases,1,CH,0.91,1.16,0.75,1,-0.21,8,1,Switzerland,2021-05-03
All,Unweighted mean,EuroCOVIDhub,mean,Cases,2,CH,0.78,1.06,0.71,1,-0.24,7,1,Switzerland,2021-05-03
All,Unweighted median,EuroCOVIDhub,median,Cases,2,CH,0.89,1.05,0.71,1,-0.21,7,1,Switzerland,2021-05-03
All,Unweighted mean,EuroCOVIDhub,mean,Cases,3,CH,0.86,1.17,0.67,1,-0.13,6,1,Switzerland,2021-05-03
All,Unweighted median,EuroCOVIDhub,median,Cases,3,CH,0.93,1.17,0.67,1,-0.15,6,1,Switzerland,2021-05-03
All,Unweighted mean,EuroCOVIDhub,mean,Cases,4,CH,1.03,1.25,0.8,1,-0.18,5,1,Switzerland,2021-05-03
All,Unweighted median,EuroCOVIDhub,median,Cases,4,CH,1.04,1.25,0.8,1,-0.12,5,1,Switzerland,2021-05-03
All,Weighted mean,EuroCOVIDhub,All_relative_skill_weighted_mean,Cases,1,CZ,0.12,0.47,1,1,-0.17,4,1,Czechia,2021-05-03
All,Weighted median,EuroCOVIDhub,All_relative_skill_weighted_median,Cases,1,CZ,0.09,0.35,1,1,-0.1,4,1,Czechia,2021-05-03
All,Unweighted mean,EuroCOVIDhub,mean,Cases,1,CZ,0.5,0.4,0.88,1,0.21,8,1,Czechia,2021-05-03
All,Unweighted median,EuroCOVIDhub,median,Cases,1,CZ,0.59,0.38,0.88,1,0.31,8,1,Czechia,2021-05-03
All,Unweighted mean,EuroCOVIDhub,mean,Cases,2,CZ,0.53,0.51,0.57,1,0.36,7,1,Czechia,2021-05-03
All,Unweighted median,EuroCOVIDhub,median,Cases,2,CZ,0.53,0.5,0.57,1,0.37,7,1,Czechia,2021-05-03
All,Unweighted mean,EuroCOVIDhub,mean,Cases,3,CZ,0.55,0.51,0.5,1,0.53,6,1,Czechia,2021-05-03
All,Unweighted median,EuroCOVIDhub,median,Cases,3,CZ,0.51,0.46,0.5,1,0.42,6,1,Czechia,2021-05-03
All,Unweighted mean,EuroCOVIDhub,mean,Cases,4,CZ,0.57,0.52,0.4,1,0.68,5,1,Czechia,2021-05-03
All,Unweighted median,EuroCOVIDhub,median,Cases,4,CZ,0.54,0.44,0.2,1,0.66,5,1,Czechia,2021-05-03
All,Weighted mean,EuroCOVIDhub,All_relative_skill_weighted_mean,Deaths,1,CZ,0.1,0.27,1,1,-0.05,4,1,Czechia,2021-05-03
All,Weighted median,EuroCOVIDhub,All_relative_skill_weighted_median,Deaths,1,CZ,0.08,0.25,1,1,-0.05,4,1,Czechia,2021-05-03
All,Unweighted mean,EuroCOVIDhub,mean,Deaths,1,CZ,0.34,0.29,0.88,1,0.14,8,1,Czechia,2021-05-03
All,Unweighted median,EuroCOVIDhub,median,Deaths,1,CZ,0.42,0.27,0.75,1,0.16,8,1,Czechia,2021-05-03
All,Unweighted mean,EuroCOVIDhub,mean,Deaths,2,CZ,0.44,0.43,0.71,1,0.39,7,1,Czechia,2021-05-03
All,Unweighted median,EuroCOVIDhub,median,Deaths,2,CZ,0.52,0.49,0.57,1,0.39,7,1,Czechia,2021-05-03
All,Unweighted mean,EuroCOVIDhub,mean,Deaths,3,CZ,0.56,0.49,0.33,0.83,0.63,6,1,Czechia,2021-05-03
All,Unweighted median,EuroCOVIDhub,median,Deaths,3,CZ,0.58,0.51,0.33,1,0.65,6,1,Czechia,2021-05-03
All,Unweighted mean,EuroCOVIDhub,mean,Deaths,4,CZ,0.63,0.54,0.2,0.8,0.76,5,1,Czechia,2021-05-03
All,Unweighted median,EuroCOVIDhub,median,Deaths,4,CZ,0.63,0.51,0.2,1,0.76,5,1,Czechia,2021-05-03
All,Unweighted mean,EuroCOVIDhub,mean,Cases,1,DE,1.09,0.96,1,1,-0.12,5,1,Germany,2021-05-03
All,Unweighted median,EuroCOVIDhub,median,Cases,1,DE,1.18,0.98,0.2,1,-0.14,5,1,Germany,2021-05-03
All,Weighted mean,EuroCOVIDhub,All_relative_skill_weighted_mean,Deaths,1,DE,0.84,0.93,0.75,1,-0.22,4,1,Germany,2021-05-03
All,Weighted median,EuroCOVIDhub,All_relative_skill_weighted_median,Deaths,1,DE,0.8,0.97,0.75,1,-0.25,4,1,Germany,2021-05-03
All,Unweighted mean,EuroCOVIDhub,mean,Deaths,1,DE,0.94,0.92,0.88,1,0.09,8,1,Germany,2021-05-03
All,Unweighted median,EuroCOVIDhub,median,Deaths,1,DE,0.93,0.94,0.75,1,0.15,8,1,Germany,2021-05-03
All,Unweighted mean,EuroCOVIDhub,mean,Deaths,2,DE,1.01,0.96,0.71,1,0.19,7,1,Germany,2021-05-03
All,Unweighted median,EuroCOVIDhub,median,Deaths,2,DE,1.02,0.93,0.71,1,0.23,7,1,Germany,2021-05-03
All,Unweighted mean,EuroCOVIDhub,mean,Deaths,3,DE,0.96,0.95,0.5,1,0.18,6,1,Germany,2021-05-03
All,Unweighted median,EuroCOVIDhub,median,Deaths,3,DE,1.02,0.92,0.5,1,0.22,6,1,Germany,2021-05-03
All,Unweighted mean,EuroCOVIDhub,mean,Deaths,4,DE,1.12,1.07,0.8,1,0.24,5,1,Germany,2021-05-03
All,Unweighted median,EuroCOVIDhub,median,Deaths,4,DE,1.1,1.04,0.4,1,0.26,5,1,Germany,2021-05-03
All,Weighted mean,EuroCOVIDhub,All_relative_skill_weighted_mean,Cases,1,DK,0.23,0.76,1,1,0,4,1,Denmark,2021-05-03
All,Weighted median,EuroCOVIDhub,All_relative_skill_weighted_median,Cases,1,DK,0.29,0.78,1,1,0.05,4,1,Denmark,2021-05-03
All,Unweighted mean,EuroCOVIDhub,mean,Cases,1,DK,0.83,0.77,0.5,0.75,0.01,8,1,Denmark,2021-05-03
All,Unweighted median,EuroCOVIDhub,median,Cases,1,DK,0.84,0.81,0.62,0.75,-0.01,8,1,Denmark,2021-05-03
All,Unweighted mean,EuroCOVIDhub,mean,Cases,2,DK,0.93,1.07,0.71,0.86,0.03,7,1,Denmark,2021-05-03
All,Unweighted median,EuroCOVIDhub,median,Cases,2,DK,0.84,0.93,0.71,0.86,-0.07,7,1,Denmark,2021-05-03
All,Unweighted mean,EuroCOVIDhub,mean,Cases,3,DK,1.74,1.43,0.5,1,0.28,6,1,Denmark,2021-05-03
All,Unweighted median,EuroCOVIDhub,median,Cases,3,DK,1.4,1.18,0.67,1,0.2,6,1,Denmark,2021-05-03
All,Unweighted mean,EuroCOVIDhub,mean,Cases,4,DK,2.06,1.94,0.4,1,0.1,5,1,Denmark,2021-05-03
All,Unweighted median,EuroCOVIDhub,median,Cases,4,DK,1.55,1.47,0.2,1,-0,5,1,Denmark,2021-05-03
All,Weighted mean,EuroCOVIDhub,All_relative_skill_weighted_mean,Deaths,1,DK,0.62,0.73,0.75,1,-0.08,4,1,Denmark,2021-05-03
All,Weighted median,EuroCOVIDhub,All_relative_skill_weighted_median,Deaths,1,DK,0.62,0.66,0.75,1,-0.1,4,1,Denmark,2021-05-03
All,Unweighted mean,EuroCOVIDhub,mean,Deaths,1,DK,0.84,0.74,0.88,1,0.1,8,1,Denmark,2021-05-03
All,Unweighted median,EuroCOVIDhub,median,Deaths,1,DK,0.76,0.79,0.75,1,0.06,8,1,Denmark,2021-05-03
All,Unweighted mean,EuroCOVIDhub,mean,Deaths,2,DK,0.73,0.72,0.71,1,0.06,7,1,Denmark,2021-05-03
All,Unweighted median,EuroCOVIDhub,median,Deaths,2,DK,0.61,0.66,0.71,1,0.03,7,1,Denmark,2021-05-03
All,Unweighted mean,EuroCOVIDhub,mean,Deaths,3,DK,0.66,0.59,1,1,-0.02,6,1,Denmark,2021-05-03
All,Unweighted median,EuroCOVIDhub,median,Deaths,3,DK,0.66,0.52,1,1,-0.05,6,1,Denmark,2021-05-03
All,Unweighted mean,EuroCOVIDhub,mean,Deaths,4,DK,1.4,0.78,0.8,1,0.04,5,1,Denmark,2021-05-03
All,Unweighted median,EuroCOVIDhub,median,Deaths,4,DK,1.23,0.7,0.8,1,-0.04,5,1,Denmark,2021-05-03
All,Weighted mean,EuroCOVIDhub,All_relative_skill_weighted_mean,Cases,1,EE,0.25,0.39,1,1,-0.18,4,1,Estonia,2021-05-03
All,Weighted median,EuroCOVIDhub,All_relative_skill_weighted_median,Cases,1,EE,0.37,0.39,0.75,1,-0.3,4,1,Estonia,2021-05-03
All,Unweighted mean,EuroCOVIDhub,mean,Cases,1,EE,0.69,0.44,0.75,1,0.24,8,1,Estonia,2021-05-03
All,Unweighted median,EuroCOVIDhub,median,Cases,1,EE,0.93,0.47,0.62,1,0.28,8,1,Estonia,2021-05-03
All,Unweighted mean,EuroCOVIDhub,mean,Cases,2,EE,0.83,0.67,0.43,0.86,0.4,7,1,Estonia,2021-05-03
All,Unweighted median,EuroCOVIDhub,median,Cases,2,EE,0.98,0.72,0.43,0.86,0.37,7,1,Estonia,2021-05-03
All,Unweighted mean,EuroCOVIDhub,mean,Cases,3,EE,1,0.78,0.33,0.83,0.63,6,1,Estonia,2021-05-03
All,Unweighted median,EuroCOVIDhub,median,Cases,3,EE,1.11,0.81,0.33,0.83,0.58,6,1,Estonia,2021-05-03
All,Unweighted mean,EuroCOVIDhub,mean,Cases,4,EE,1.11,0.86,0.2,0.6,0.78,5,1,Estonia,2021-05-03
All,Unweighted median,EuroCOVIDhub,median,Cases,4,EE,1.08,0.84,0.2,0.8,0.74,5,1,Estonia,2021-05-03
All,Weighted mean,EuroCOVIDhub,All_relative_skill_weighted_mean,Deaths,1,EE,0.95,0.54,0.25,1,0.38,4,1,Estonia,2021-05-03
All,Weighted median,EuroCOVIDhub,All_relative_skill_weighted_median,Deaths,1,EE,0.97,0.56,0,1,0.38,4,1,Estonia,2021-05-03
All,Unweighted mean,EuroCOVIDhub,mean,Deaths,1,EE,0.69,0.51,0.75,1,0.15,8,1,Estonia,2021-05-03
All,Unweighted median,EuroCOVIDhub,median,Deaths,1,EE,0.59,0.49,0.75,1,0.11,8,1,Estonia,2021-05-03
All,Unweighted mean,EuroCOVIDhub,mean,Deaths,2,EE,0.58,0.61,0.86,1,0.21,7,1,Estonia,2021-05-03
All,Unweighted median,EuroCOVIDhub,median,Deaths,2,EE,0.47,0.56,0.86,1,0.19,7,1,Estonia,2021-05-03
All,Unweighted mean,EuroCOVIDhub,mean,Deaths,3,EE,0.62,0.57,0.67,1,0.3,6,1,Estonia,2021-05-03
All,Unweighted median,EuroCOVIDhub,median,Deaths,3,EE,0.52,0.51,0.67,1,0.28,6,1,Estonia,2021-05-03
All,Unweighted mean,EuroCOVIDhub,mean,Deaths,4,EE,0.79,0.76,0.8,1,0.44,5,1,Estonia,2021-05-03
All,Unweighted median,EuroCOVIDhub,median,Deaths,4,EE,0.64,0.61,1,1,0.38,5,1,Estonia,2021-05-03
All,Unweighted mean,EuroCOVIDhub,mean,Cases,1,ES,0.96,1.1,0.86,1,-0.2,7,1,Spain,2021-05-03
All,Unweighted median,EuroCOVIDhub,median,Cases,1,ES,1.23,1.03,0.71,1,-0.4,7,1,Spain,2021-05-03
All,Unweighted mean,EuroCOVIDhub,mean,Cases,2,ES,0.99,1.03,0.67,1,-0.25,6,1,Spain,2021-05-03
All,Unweighted median,EuroCOVIDhub,median,Cases,2,ES,1.13,1.06,0.5,1,-0.43,6,1,Spain,2021-05-03
All,Unweighted mean,EuroCOVIDhub,mean,Cases,3,ES,0.97,1.01,0.8,1,-0.02,5,1,Spain,2021-05-03
All,Unweighted median,EuroCOVIDhub,median,Cases,3,ES,1.27,1.12,0.2,1,-0.54,5,1,Spain,2021-05-03
All,Unweighted mean,EuroCOVIDhub,mean,Cases,4,ES,0.87,0.8,0.5,1,-0.12,4,1,Spain,2021-05-03
All,Unweighted median,EuroCOVIDhub,median,Cases,4,ES,1.41,1.23,0.25,1,-0.7,4,1,Spain,2021-05-03
All,Weighted mean,EuroCOVIDhub,All_relative_skill_weighted_mean,Deaths,1,ES,0.17,0.9,1,1,0.05,4,1,Spain,2021-05-03
All,Weighted median,EuroCOVIDhub,All_relative_skill_weighted_median,Deaths,1,ES,0.24,0.82,1,1,-0.03,4,1,Spain,2021-05-03
All,Unweighted mean,EuroCOVIDhub,mean,Deaths,1,ES,0.82,1.13,0.5,0.88,0.3,8,1,Spain,2021-05-03
All,Unweighted median,EuroCOVIDhub,median,Deaths,1,ES,0.68,0.95,0.75,0.88,0.16,8,1,Spain,2021-05-03
All,Unweighted mean,EuroCOVIDhub,mean,Deaths,2,ES,0.97,0.94,0.57,0.71,0.16,7,1,Spain,2021-05-03
All,Unweighted median,EuroCOVIDhub,median,Deaths,2,ES,0.68,0.66,0.57,0.86,0.04,7,1,Spain,2021-05-03
All,Unweighted mean,EuroCOVIDhub,mean,Deaths,3,ES,1.28,0.95,0.67,1,-0.05,6,1,Spain,2021-05-03
All,Unweighted median,EuroCOVIDhub,median,Deaths,3,ES,1.26,0.89,0.67,0.83,-0.25,6,1,Spain,2021-05-03
All,Unweighted mean,EuroCOVIDhub,mean,Deaths,4,ES,0.73,0.74,0.8,0.8,0.18,5,1,Spain,2021-05-03
All,Unweighted median,EuroCOVIDhub,median,Deaths,4,ES,0.42,0.38,0.8,1,-0.14,5,1,Spain,2021-05-03
All,Unweighted mean,EuroCOVIDhub,mean,Cases,1,FR,0.79,0.65,0.67,1,0.22,6,1,France,2021-05-03
All,Unweighted median,EuroCOVIDhub,median,Cases,1,FR,0.96,0.64,0.67,1,0.23,6,1,France,2021-05-03
All,Unweighted mean,EuroCOVIDhub,mean,Cases,2,FR,0.75,0.77,0.4,1,0.12,5,1,France,2021-05-03
All,Unweighted median,EuroCOVIDhub,median,Cases,2,FR,0.77,0.81,0.4,1,0.16,5,1,France,2021-05-03
All,Weighted mean,EuroCOVIDhub,All_relative_skill_weighted_mean,Cases,1,GB,0.97,0.76,0.5,0.75,0.02,4,1,United Kingdom,2021-05-03
All,Weighted median,EuroCOVIDhub,All_relative_skill_weighted_median,Cases,1,GB,1,0.73,0.5,0.75,-0,4,1,United Kingdom,2021-05-03
All,Unweighted mean,EuroCOVIDhub,mean,Cases,1,GB,0.96,0.77,0.5,0.88,-0.04,8,1,United Kingdom,2021-05-03
All,Unweighted median,EuroCOVIDhub,median,Cases,1,GB,0.93,0.73,0.38,0.88,-0.07,8,1,United Kingdom,2021-05-03
All,Unweighted mean,EuroCOVIDhub,mean,Cases,2,GB,0.95,0.79,0.43,0.71,-0.07,7,1,United Kingdom,2021-05-03
All,Unweighted median,EuroCOVIDhub,median,Cases,2,GB,0.92,0.77,0.43,0.86,-0.07,7,1,United Kingdom,2021-05-03
All,Unweighted mean,EuroCOVIDhub,mean,Cases,3,GB,0.91,0.82,0.33,0.83,0.03,6,1,United Kingdom,2021-05-03
All,Unweighted median,EuroCOVIDhub,median,Cases,3,GB,0.88,0.81,0.33,0.83,-0,6,1,United Kingdom,2021-05-03
All,Unweighted mean,EuroCOVIDhub,mean,Cases,4,GB,0.65,0.61,0.2,0.8,0.4,5,1,United Kingdom,2021-05-03
All,Unweighted median,EuroCOVIDhub,median,Cases,4,GB,0.68,0.62,0.2,1,0.32,5,1,United Kingdom,2021-05-03
All,Weighted mean,EuroCOVIDhub,All_relative_skill_weighted_mean,Deaths,1,GB,0.12,0.28,1,1,-0.03,4,1,United Kingdom,2021-05-03
All,Weighted median,EuroCOVIDhub,All_relative_skill_weighted_median,Deaths,1,GB,0.14,0.32,0.5,1,-0.05,4,1,United Kingdom,2021-05-03
All,Unweighted mean,EuroCOVIDhub,mean,Deaths,1,GB,0.44,0.3,0.75,1,0.39,8,1,United Kingdom,2021-05-03
All,Unweighted median,EuroCOVIDhub,median,Deaths,1,GB,0.42,0.28,0.38,0.88,0.46,8,1,United Kingdom,2021-05-03
All,Unweighted mean,EuroCOVIDhub,mean,Deaths,2,GB,0.27,0.27,0.57,1,0.44,7,1,United Kingdom,2021-05-03
All,Unweighted median,EuroCOVIDhub,median,Deaths,2,GB,0.27,0.28,0.43,0.86,0.5,7,1,United Kingdom,2021-05-03
All,Unweighted mean,EuroCOVIDhub,mean,Deaths,3,GB,0.26,0.24,0.33,1,0.57,6,1,United Kingdom,2021-05-03
All,Unweighted median,EuroCOVIDhub,median,Deaths,3,GB,0.26,0.25,0.33,0.83,0.53,6,1,United Kingdom,2021-05-03
All,Unweighted mean,EuroCOVIDhub,mean,Deaths,4,GB,0.24,0.25,0.2,0.8,0.74,5,1,United Kingdom,2021-05-03
All,Unweighted median,EuroCOVIDhub,median,Deaths,4,GB,0.22,0.23,0.4,0.6,0.72,5,1,United Kingdom,2021-05-03
All,Weighted mean,EuroCOVIDhub,All_relative_skill_weighted_mean,Cases,1,GR,1,1.09,0.75,1,0.38,4,1,Greece,2021-05-03
All,Weighted median,EuroCOVIDhub,All_relative_skill_weighted_median,Cases,1,GR,1.14,1.1,0.75,1,0.45,4,1,Greece,2021-05-03
All,Unweighted mean,EuroCOVIDhub,mean,Cases,1,GR,1.08,1.05,0.88,1,0.22,8,1,Greece,2021-05-03
All,Unweighted median,EuroCOVIDhub,median,Cases,1,GR,1.18,1.06,0.88,1,0.31,8,1,Greece,2021-05-03
All,Unweighted mean,EuroCOVIDhub,mean,Cases,2,GR,1.09,1.14,0.71,1,0.3,7,1,Greece,2021-05-03
All,Unweighted median,EuroCOVIDhub,median,Cases,2,GR,1.27,1.23,0.29,1,0.4,7,1,Greece,2021-05-03
All,Unweighted mean,EuroCOVIDhub,mean,Cases,3,GR,1.06,1.32,0.67,1,0.33,6,1,Greece,2021-05-03
All,Unweighted median,EuroCOVIDhub,median,Cases,3,GR,1.25,1.42,0.5,1,0.42,6,1,Greece,2021-05-03
All,Unweighted mean,EuroCOVIDhub,mean,Cases,4,GR,1.19,1.71,0.8,1,0.38,5,1,Greece,2021-05-03
All,Unweighted median,EuroCOVIDhub,median,Cases,4,GR,1.42,1.74,0.8,1,0.34,5,1,Greece,2021-05-03
All,Weighted mean,EuroCOVIDhub,All_relative_skill_weighted_mean,Deaths,1,GR,0.38,0.63,1,1,0.12,4,1,Greece,2021-05-03
All,Weighted median,EuroCOVIDhub,All_relative_skill_weighted_median,Deaths,1,GR,0.35,0.56,1,1,0.15,4,1,Greece,2021-05-03
All,Unweighted mean,EuroCOVIDhub,mean,Deaths,1,GR,0.53,0.71,0.88,1,-0.07,8,1,Greece,2021-05-03
All,Unweighted median,EuroCOVIDhub,median,Deaths,1,GR,0.6,0.66,0.88,1,-0.1,8,1,Greece,2021-05-03
All,Unweighted mean,EuroCOVIDhub,mean,Deaths,2,GR,0.42,0.5,1,1,0.06,7,1,Greece,2021-05-03
All,Unweighted median,EuroCOVIDhub,median,Deaths,2,GR,0.46,0.5,1,1,0,7,1,Greece,2021-05-03
All,Unweighted mean,EuroCOVIDhub,mean,Deaths,3,GR,0.42,0.5,1,1,0.12,6,1,Greece,2021-05-03
All,Unweighted median,EuroCOVIDhub,median,Deaths,3,GR,0.38,0.5,1,1,0.12,6,1,Greece,2021-05-03
All,Unweighted mean,EuroCOVIDhub,mean,Deaths,4,GR,0.42,0.57,0.8,1,0.1,5,1,Greece,2021-05-03
All,Unweighted median,EuroCOVIDhub,median,Deaths,4,GR,0.36,0.55,0.8,1,0.06,5,1,Greece,2021-05-03
All,Weighted mean,EuroCOVIDhub,All_relative_skill_weighted_mean,Cases,1,HR,1.04,1.07,0.75,1,0.32,4,1,Croatia,2021-05-03
All,Weighted median,EuroCOVIDhub,All_relative_skill_weighted_median,Cases,1,HR,1.39,1.2,0.75,1,0.32,4,1,Croatia,2021-05-03
All,Unweighted mean,EuroCOVIDhub,mean,Cases,1,HR,0.72,0.99,0.75,1,-0.05,8,1,Croatia,2021-05-03
All,Unweighted median,EuroCOVIDhub,median,Cases,1,HR,0.85,1.06,0.62,1,-0.06,8,1,Croatia,2021-05-03
All,Unweighted mean,EuroCOVIDhub,mean,Cases,2,HR,0.9,0.82,0.29,1,0.06,7,1,Croatia,2021-05-03
All,Unweighted median,EuroCOVIDhub,median,Cases,2,HR,0.93,0.81,0.29,1,-0.03,7,1,Croatia,2021-05-03
All,Unweighted mean,EuroCOVIDhub,mean,Cases,3,HR,1.24,1.1,0.17,1,0.15,6,1,Croatia,2021-05-03
All,Unweighted median,EuroCOVIDhub,median,Cases,3,HR,1.1,0.99,0.33,1,0.02,6,1,Croatia,2021-05-03
All,Unweighted mean,EuroCOVIDhub,mean,Cases,4,HR,1.54,1.46,0.4,1,0.14,5,1,Croatia,2021-05-03
All,Unweighted median,EuroCOVIDhub,median,Cases,4,HR,1.49,1.41,0.4,0.8,0.08,5,1,Croatia,2021-05-03
All,Weighted mean,EuroCOVIDhub,All_relative_skill_weighted_mean,Deaths,1,HR,0.72,0.59,0.75,1,-0.05,4,1,Croatia,2021-05-03
All,Weighted median,EuroCOVIDhub,All_relative_skill_weighted_median,Deaths,1,HR,0.61,0.5,0.75,1,-0.12,4,1,Croatia,2021-05-03
All,Unweighted mean,EuroCOVIDhub,mean,Deaths,1,HR,0.35,0.52,1,1,-0.11,8,1,Croatia,2021-05-03
All,Unweighted median,EuroCOVIDhub,median,Deaths,1,HR,0.49,0.48,0.62,1,-0.14,8,1,Croatia,2021-05-03
All,Unweighted mean,EuroCOVIDhub,mean,Deaths,2,HR,0.47,0.44,0.86,1,-0.13,7,1,Croatia,2021-05-03
All,Unweighted median,EuroCOVIDhub,median,Deaths,2,HR,0.41,0.41,0.71,1,-0.21,7,1,Croatia,2021-05-03
All,Unweighted mean,EuroCOVIDhub,mean,Deaths,3,HR,0.58,0.51,0.33,1,-0.2,6,1,Croatia,2021-05-03
All,Unweighted median,EuroCOVIDhub,median,Deaths,3,HR,0.5,0.51,0.5,1,-0.28,6,1,Croatia,2021-05-03
All,Unweighted mean,EuroCOVIDhub,mean,Deaths,4,HR,0.59,0.52,0.4,1,-0.3,5,1,Croatia,2021-05-03
All,Unweighted median,EuroCOVIDhub,median,Deaths,4,HR,0.57,0.61,0.2,0.6,-0.4,5,1,Croatia,2021-05-03
All,Weighted mean,EuroCOVIDhub,All_relative_skill_weighted_mean,Cases,1,HU,0.61,0.45,0.5,1,0.35,4,1,Hungary,2021-05-03
All,Weighted median,EuroCOVIDhub,All_relative_skill_weighted_median,Cases,1,HU,0.59,0.39,0.25,1,0.17,4,1,Hungary,2021-05-03
All,Unweighted mean,EuroCOVIDhub,mean,Cases,1,HU,0.69,0.53,0.62,1,0.38,8,1,Hungary,2021-05-03
All,Unweighted median,EuroCOVIDhub,median,Cases,1,HU,0.63,0.5,0.5,0.88,0.44,8,1,Hungary,2021-05-03
All,Unweighted mean,EuroCOVIDhub,mean,Cases,2,HU,0.94,0.72,0.29,0.86,0.64,7,1,Hungary,2021-05-03
All,Unweighted median,EuroCOVIDhub,median,Cases,2,HU,0.9,0.67,0.29,0.86,0.61,7,1,Hungary,2021-05-03
All,Unweighted mean,EuroCOVIDhub,mean,Cases,3,HU,1.36,1.05,0.17,0.67,0.78,6,1,Hungary,2021-05-03
All,Unweighted median,EuroCOVIDhub,median,Cases,3,HU,1.21,0.91,0.33,0.83,0.73,6,1,Hungary,2021-05-03
All,Unweighted mean,EuroCOVIDhub,mean,Cases,4,HU,2.05,1.65,0,0.6,0.88,5,1,Hungary,2021-05-03
All,Unweighted median,EuroCOVIDhub,median,Cases,4,HU,1.6,1.26,0.2,0.6,0.84,5,1,Hungary,2021-05-03
All,Weighted mean,EuroCOVIDhub,All_relative_skill_weighted_mean,Deaths,1,HU,0.64,0.61,0.5,1,0.15,4,1,Hungary,2021-05-03
All,Weighted median,EuroCOVIDhub,All_relative_skill_weighted_median,Deaths,1,HU,0.7,0.6,1,1,-0.03,4,1,Hungary,2021-05-03
All,Unweighted mean,EuroCOVIDhub,mean,Deaths,1,HU,0.47,0.57,1,1,0,8,1,Hungary,2021-05-03
All,Unweighted median,EuroCOVIDhub,median,Deaths,1,HU,0.49,0.55,1,1,-0.09,8,1,Hungary,2021-05-03
All,Unweighted mean,EuroCOVIDhub,mean,Deaths,2,HU,0.3,0.36,0.86,1,0.19,7,1,Hungary,2021-05-03
All,Unweighted median,EuroCOVIDhub,median,Deaths,2,HU,0.45,0.4,0.86,1,-0.04,7,1,Hungary,2021-05-03
All,Unweighted mean,EuroCOVIDhub,mean,Deaths,3,HU,0.58,0.48,0.67,1,0.33,6,1,Hungary,2021-05-03
All,Unweighted median,EuroCOVIDhub,median,Deaths,3,HU,0.74,0.55,0.5,1,0.18,6,1,Hungary,2021-05-03
All,Unweighted mean,EuroCOVIDhub,mean,Deaths,4,HU,1.09,0.83,0.4,1,0.6,5,1,Hungary,2021-05-03
All,Unweighted median,EuroCOVIDhub,median,Deaths,4,HU,1.11,0.79,0.8,1,0.3,5,1,Hungary,2021-05-03
All,Weighted mean,EuroCOVIDhub,All_relative_skill_weighted_mean,Cases,1,IE,1.3,0.85,0.75,1,-0.1,4,1,Ireland,2021-05-03
All,Weighted median,EuroCOVIDhub,All_relative_skill_weighted_median,Cases,1,IE,1.33,0.87,0.5,1,-0.08,4,1,Ireland,2021-05-03
All,Unweighted mean,EuroCOVIDhub,mean,Cases,1,IE,0.91,0.82,0.75,1,-0.08,8,1,Ireland,2021-05-03
All,Unweighted median,EuroCOVIDhub,median,Cases,1,IE,1.12,0.8,0.62,1,-0.17,8,1,Ireland,2021-05-03
All,Unweighted mean,EuroCOVIDhub,mean,Cases,2,IE,1.96,1.63,0.29,1,-0.13,7,1,Ireland,2021-05-03
All,Unweighted median,EuroCOVIDhub,median,Cases,2,IE,1.68,1.01,0.29,1,-0.24,7,1,Ireland,2021-05-03
All,Unweighted mean,EuroCOVIDhub,mean,Cases,3,IE,3.3,3.37,0.33,1,-0.03,6,1,Ireland,2021-05-03
All,Unweighted median,EuroCOVIDhub,median,Cases,3,IE,1.89,0.97,0.33,1,-0.12,6,1,Ireland,2021-05-03
All,Unweighted mean,EuroCOVIDhub,mean,Cases,4,IE,4.17,4,0.6,1,0.08,5,1,Ireland,2021-05-03
All,Unweighted median,EuroCOVIDhub,median,Cases,4,IE,1.44,0.78,0.6,1,0.04,5,1,Ireland,2021-05-03
All,Weighted mean,EuroCOVIDhub,All_relative_skill_weighted_mean,Deaths,1,IE,0.57,0.89,0.75,1,0.17,4,1,Ireland,2021-05-03
All,Weighted median,EuroCOVIDhub,All_relative_skill_weighted_median,Deaths,1,IE,0.7,0.99,0.5,1,0.15,4,1,Ireland,2021-05-03
All,Unweighted mean,EuroCOVIDhub,mean,Deaths,1,IE,0.71,0.86,0.88,1,0.1,8,1,Ireland,2021-05-03
All,Unweighted median,EuroCOVIDhub,median,Deaths,1,IE,0.78,0.92,0.75,1,0.09,8,1,Ireland,2021-05-03
All,Unweighted mean,EuroCOVIDhub,mean,Deaths,2,IE,0.51,0.56,0.86,1,0.17,7,1,Ireland,2021-05-03
All,Unweighted median,EuroCOVIDhub,median,Deaths,2,IE,0.54,0.51,1,1,0.14,7,1,Ireland,2021-05-03
All,Unweighted mean,EuroCOVIDhub,mean,Deaths,3,IE,0.27,0.58,1,1,0.17,6,1,Ireland,2021-05-03
All,Unweighted median,EuroCOVIDhub,median,Deaths,3,IE,0.38,0.45,0.83,1,0.17,6,1,Ireland,2021-05-03
All,Unweighted mean,EuroCOVIDhub,mean,Deaths,4,IE,0.5,0.97,1,1,0.14,5,1,Ireland,2021-05-03
All,Unweighted median,EuroCOVIDhub,median,Deaths,4,IE,0.42,0.49,0.8,1,0.1,5,1,Ireland,2021-05-03
All,Weighted mean,EuroCOVIDhub,All_relative_skill_weighted_mean,Cases,1,IS,1.55,1.37,0.25,0.75,-0,4,1,Iceland,2021-05-03
All,Weighted median,EuroCOVIDhub,All_relative_skill_weighted_median,Cases,1,IS,1.39,1.09,0.75,0.75,-0.12,4,1,Iceland,2021-05-03
All,Unweighted mean,EuroCOVIDhub,mean,Cases,1,IS,1.06,1.32,0.38,0.88,-0.2,8,1,Iceland,2021-05-03
All,Unweighted median,EuroCOVIDhub,median,Cases,1,IS,1.16,1.12,0.5,0.88,-0.41,8,1,Iceland,2021-05-03
All,Unweighted mean,EuroCOVIDhub,mean,Cases,2,IS,0.89,1.41,0.43,0.86,-0.21,7,1,Iceland,2021-05-03
All,Unweighted median,EuroCOVIDhub,median,Cases,2,IS,0.99,1.09,0.14,0.57,-0.5,7,1,Iceland,2021-05-03
All,Unweighted mean,EuroCOVIDhub,mean,Cases,3,IS,1.93,3.42,0.5,0.83,0.18,6,1,Iceland,2021-05-03
All,Unweighted median,EuroCOVIDhub,median,Cases,3,IS,1.17,1.24,0.5,0.83,-0.43,6,1,Iceland,2021-05-03
All,Unweighted mean,EuroCOVIDhub,mean,Cases,4,IS,5.63,8.68,0.2,0.8,0.3,5,1,Iceland,2021-05-03
All,Unweighted median,EuroCOVIDhub,median,Cases,4,IS,1.13,1.32,0.6,0.8,-0.44,5,1,Iceland,2021-05-03
All,Weighted mean,EuroCOVIDhub,All_relative_skill_weighted_mean,Cases,1,IT,0.79,0.75,0.75,1,0.15,4,1,Italy,2021-05-03
All,Weighted median,EuroCOVIDhub,All_relative_skill_weighted_median,Cases,1,IT,0.97,0.76,0.5,1,0.18,4,1,Italy,2021-05-03
All,Unweighted mean,EuroCOVIDhub,mean,Cases,1,IT,0.78,0.77,0.75,0.88,0.29,8,1,Italy,2021-05-03
All,Unweighted median,EuroCOVIDhub,median,Cases,1,IT,0.86,0.75,0.88,1,0.3,8,1,Italy,2021-05-03
All,Unweighted mean,EuroCOVIDhub,mean,Cases,2,IT,0.88,0.87,0.71,1,0.37,7,1,Italy,2021-05-03
All,Unweighted median,EuroCOVIDhub,median,Cases,2,IT,0.9,0.84,0.71,1,0.36,7,1,Italy,2021-05-03
All,Unweighted mean,EuroCOVIDhub,mean,Cases,3,IT,1.03,0.98,0.33,1,0.52,6,1,Italy,2021-05-03
All,Unweighted median,EuroCOVIDhub,median,Cases,3,IT,1.02,0.84,0.67,1,0.42,6,1,Italy,2021-05-03
All,Unweighted mean,EuroCOVIDhub,mean,Cases,4,IT,1.25,1.16,0,1,0.7,5,1,Italy,2021-05-03
All,Unweighted median,EuroCOVIDhub,median,Cases,4,IT,1.21,0.93,0.4,1,0.6,5,1,Italy,2021-05-03
All,Weighted mean,EuroCOVIDhub,All_relative_skill_weighted_mean,Deaths,1,IT,0.58,0.53,0.75,1,0.2,4,1,Italy,2021-05-03
All,Weighted median,EuroCOVIDhub,All_relative_skill_weighted_median,Deaths,1,IT,0.46,0.5,0.75,1,0.07,4,1,Italy,2021-05-03
All,Unweighted mean,EuroCOVIDhub,mean,Deaths,1,IT,0.51,0.48,1,1,0.01,8,1,Italy,2021-05-03
All,Unweighted median,EuroCOVIDhub,median,Deaths,1,IT,0.38,0.45,0.75,1,-0.05,8,1,Italy,2021-05-03
All,Unweighted mean,EuroCOVIDhub,mean,Deaths,2,IT,0.42,0.47,0.86,1,0.06,7,1,Italy,2021-05-03
All,Unweighted median,EuroCOVIDhub,median,Deaths,2,IT,0.3,0.46,0.86,1,0.03,7,1,Italy,2021-05-03
All,Unweighted mean,EuroCOVIDhub,mean,Deaths,3,IT,0.43,0.51,0.67,1,0.22,6,1,Italy,2021-05-03
All,Unweighted median,EuroCOVIDhub,median,Deaths,3,IT,0.46,0.53,0.67,1,0.15,6,1,Italy,2021-05-03
All,Unweighted mean,EuroCOVIDhub,mean,Deaths,4,IT,0.61,0.71,0.6,1,0.26,5,1,Italy,2021-05-03
All,Unweighted median,EuroCOVIDhub,median,Deaths,4,IT,0.68,0.7,0.4,1,0.24,5,1,Italy,2021-05-03
All,Weighted mean,EuroCOVIDhub,All_relative_skill_weighted_mean,Cases,1,LT,0.32,0.81,1,1,0.05,4,1,Lithuania,2021-05-03
All,Weighted median,EuroCOVIDhub,All_relative_skill_weighted_median,Cases,1,LT,0.29,0.74,1,1,0.02,4,1,Lithuania,2021-05-03
All,Unweighted mean,EuroCOVIDhub,mean,Cases,1,LT,0.56,0.72,0.75,1,-0.16,8,1,Lithuania,2021-05-03
All,Unweighted median,EuroCOVIDhub,median,Cases,1,LT,0.6,0.69,0.75,1,-0.21,8,1,Lithuania,2021-05-03
All,Unweighted mean,EuroCOVIDhub,mean,Cases,2,LT,0.67,0.83,0.71,1,-0.24,7,1,Lithuania,2021-05-03
All,Unweighted median,EuroCOVIDhub,median,Cases,2,LT,0.71,0.83,0.71,1,-0.26,7,1,Lithuania,2021-05-03
All,Unweighted mean,EuroCOVIDhub,mean,Cases,3,LT,0.82,0.95,0.5,1,-0.35,6,1,Lithuania,2021-05-03
All,Unweighted median,EuroCOVIDhub,median,Cases,3,LT,0.86,0.99,0.5,1,-0.42,6,1,Lithuania,2021-05-03
All,Unweighted mean,EuroCOVIDhub,mean,Cases,4,LT,0.84,1.04,0.4,1,-0.48,5,1,Lithuania,2021-05-03
All,Unweighted median,EuroCOVIDhub,median,Cases,4,LT,0.84,1.06,0.4,1,-0.54,5,1,Lithuania,2021-05-03
All,Weighted mean,EuroCOVIDhub,All_relative_skill_weighted_mean,Deaths,1,LT,0.38,0.85,1,1,-0.1,4,1,Lithuania,2021-05-03
All,Weighted median,EuroCOVIDhub,All_relative_skill_weighted_median,Deaths,1,LT,0.47,0.85,1,1,-0.2,4,1,Lithuania,2021-05-03
All,Unweighted mean,EuroCOVIDhub,mean,Deaths,1,LT,0.72,0.94,0.88,1,0.05,8,1,Lithuania,2021-05-03
All,Unweighted median,EuroCOVIDhub,median,Deaths,1,LT,0.62,0.9,0.75,1,-0.03,8,1,Lithuania,2021-05-03
All,Unweighted mean,EuroCOVIDhub,mean,Deaths,2,LT,0.5,0.86,0.86,1,0.04,7,1,Lithuania,2021-05-03
All,Unweighted median,EuroCOVIDhub,median,Deaths,2,LT,0.69,0.91,0.71,1,0,7,1,Lithuania,2021-05-03
All,Unweighted mean,EuroCOVIDhub,mean,Deaths,3,LT,0.62,0.8,1,1,0,6,1,Lithuania,2021-05-03
All,Unweighted median,EuroCOVIDhub,median,Deaths,3,LT,0.73,0.91,1,1,0.03,6,1,Lithuania,2021-05-03
All,Unweighted mean,EuroCOVIDhub,mean,Deaths,4,LT,0.8,0.95,0.8,1,-0.1,5,1,Lithuania,2021-05-03
All,Unweighted median,EuroCOVIDhub,median,Deaths,4,LT,0.87,1,0.8,1,-0.08,5,1,Lithuania,2021-05-03
All,Weighted mean,EuroCOVIDhub,All_relative_skill_weighted_mean,Cases,1,LU,0.98,1.3,1,1,0.17,4,1,Luxembourg,2021-05-03
All,Weighted median,EuroCOVIDhub,All_relative_skill_weighted_median,Cases,1,LU,1.33,1.4,0.75,1,0.32,4,1,Luxembourg,2021-05-03
All,Unweighted mean,EuroCOVIDhub,mean,Cases,1,LU,1.09,1.32,1,1,-0.14,8,1,Luxembourg,2021-05-03
All,Unweighted median,EuroCOVIDhub,median,Cases,1,LU,1.17,1.21,0.88,1,-0.19,8,1,Luxembourg,2021-05-03
All,Unweighted mean,EuroCOVIDhub,mean,Cases,2,LU,1.01,1.08,1,1,-0.1,7,1,Luxembourg,2021-05-03
All,Unweighted median,EuroCOVIDhub,median,Cases,2,LU,1.15,1.18,0.71,1,-0.19,7,1,Luxembourg,2021-05-03
All,Unweighted mean,EuroCOVIDhub,mean,Cases,3,LU,1.09,1.12,0.83,1,0.02,6,1,Luxembourg,2021-05-03
All,Unweighted median,EuroCOVIDhub,median,Cases,3,LU,1.25,1.25,0.67,1,-0.05,6,1,Luxembourg,2021-05-03
All,Unweighted mean,EuroCOVIDhub,mean,Cases,4,LU,1.22,1.15,0.8,1,0.02,5,1,Luxembourg,2021-05-03
All,Unweighted median,EuroCOVIDhub,median,Cases,4,LU,1.42,1.19,0.8,1,-0.02,5,1,Luxembourg,2021-05-03
All,Weighted mean,EuroCOVIDhub,All_relative_skill_weighted_mean,Deaths,1,LU,0.71,0.95,0.5,0.75,0.3,4,1,Luxembourg,2021-05-03
All,Weighted median,EuroCOVIDhub,All_relative_skill_weighted_median,Deaths,1,LU,0.84,0.95,0.5,1,0.3,4,1,Luxembourg,2021-05-03
All,Unweighted mean,EuroCOVIDhub,mean,Deaths,1,LU,1.03,0.83,0.25,0.88,0.15,8,1,Luxembourg,2021-05-03
All,Unweighted median,EuroCOVIDhub,median,Deaths,1,LU,0.96,0.84,0.25,0.88,0.09,8,1,Luxembourg,2021-05-03
All,Unweighted mean,EuroCOVIDhub,mean,Deaths,2,LU,0.98,1,0.29,0.86,0.3,7,1,Luxembourg,2021-05-03
All,Unweighted median,EuroCOVIDhub,median,Deaths,2,LU,0.99,1,0.29,0.86,0.24,7,1,Luxembourg,2021-05-03
All,Unweighted mean,EuroCOVIDhub,mean,Deaths,3,LU,1.1,1.18,0.33,0.83,0.45,6,1,Luxembourg,2021-05-03
All,Unweighted median,EuroCOVIDhub,median,Deaths,3,LU,1.08,1.11,0.17,0.83,0.4,6,1,Luxembourg,2021-05-03
All,Unweighted mean,EuroCOVIDhub,mean,Deaths,4,LU,1.21,1.36,0.4,0.8,0.58,5,1,Luxembourg,2021-05-03
All,Unweighted median,EuroCOVIDhub,median,Deaths,4,LU,1.11,1.12,0.4,0.8,0.52,5,1,Luxembourg,2021-05-03
All,Weighted mean,EuroCOVIDhub,All_relative_skill_weighted_mean,Cases,1,LV,1.02,1.09,0.75,1,-0.45,4,1,Latvia,2021-05-03
All,Weighted median,EuroCOVIDhub,All_relative_skill_weighted_median,Cases,1,LV,0.89,1.03,0.75,1,-0.3,4,1,Latvia,2021-05-03
All,Unweighted mean,EuroCOVIDhub,mean,Cases,1,LV,1.08,1.14,0.88,1,-0.24,8,1,Latvia,2021-05-03
All,Unweighted median,EuroCOVIDhub,median,Cases,1,LV,0.98,1.09,0.75,1,-0.19,8,1,Latvia,2021-05-03
All,Unweighted mean,EuroCOVIDhub,mean,Cases,2,LV,1,1.18,0.71,1,-0.36,7,1,Latvia,2021-05-03
All,Unweighted median,EuroCOVIDhub,median,Cases,2,LV,1.05,1.15,0.57,1,-0.43,7,1,Latvia,2021-05-03
All,Unweighted mean,EuroCOVIDhub,mean,Cases,3,LV,1.31,1.33,0.67,1,-0.43,6,1,Latvia,2021-05-03
All,Unweighted median,EuroCOVIDhub,median,Cases,3,LV,1.44,1.4,0.67,1,-0.48,6,1,Latvia,2021-05-03
All,Unweighted mean,EuroCOVIDhub,mean,Cases,4,LV,1.67,1.49,0.6,1,-0.48,5,1,Latvia,2021-05-03
All,Unweighted median,EuroCOVIDhub,median,Cases,4,LV,1.75,1.53,0.6,1,-0.48,5,1,Latvia,2021-05-03
All,Weighted mean,EuroCOVIDhub,All_relative_skill_weighted_mean,Deaths,1,LV,1.76,1.15,0.5,1,0.03,4,1,Latvia,2021-05-03
All,Weighted median,EuroCOVIDhub,All_relative_skill_weighted_median,Deaths,1,LV,1.56,1.03,0.5,1,0,4,1,Latvia,2021-05-03
All,Unweighted mean,EuroCOVIDhub,mean,Deaths,1,LV,1.04,1.04,0.75,1,0,8,1,Latvia,2021-05-03
All,Unweighted median,EuroCOVIDhub,median,Deaths,1,LV,1.07,1.03,0.75,1,0.05,8,1,Latvia,2021-05-03
All,Unweighted mean,EuroCOVIDhub,mean,Deaths,2,LV,0.72,0.79,0.57,1,-0.06,7,1,Latvia,2021-05-03
All,Unweighted median,EuroCOVIDhub,median,Deaths,2,LV,0.77,0.74,0.57,1,-0.09,7,1,Latvia,2021-05-03
All,Unweighted mean,EuroCOVIDhub,mean,Deaths,3,LV,0.71,0.73,0.67,1,-0.18,6,1,Latvia,2021-05-03
All,Unweighted median,EuroCOVIDhub,median,Deaths,3,LV,0.63,0.71,0.5,1,-0.22,6,1,Latvia,2021-05-03
All,Unweighted mean,EuroCOVIDhub,mean,Deaths,4,LV,0.84,0.97,0.8,1,-0.36,5,1,Latvia,2021-05-03
All,Unweighted median,EuroCOVIDhub,median,Deaths,4,LV,0.95,1,0.8,1,-0.32,5,1,Latvia,2021-05-03
All,Weighted mean,EuroCOVIDhub,All_relative_skill_weighted_mean,Cases,1,MT,0.3,1.07,0.75,1,0.17,4,1,Malta,2021-05-03
All,Weighted median,EuroCOVIDhub,All_relative_skill_weighted_median,Cases,1,MT,0.37,1.07,0.75,1,0.1,4,1,Malta,2021-05-03
All,Unweighted mean,EuroCOVIDhub,mean,Cases,1,MT,1.11,0.89,0.5,0.88,0.45,8,1,Malta,2021-05-03
All,Unweighted median,EuroCOVIDhub,median,Cases,1,MT,0.96,0.79,0.5,0.88,0.31,8,1,Malta,2021-05-03
All,Unweighted mean,EuroCOVIDhub,mean,Cases,2,MT,1.2,1,0.43,0.71,0.6,7,1,Malta,2021-05-03
All,Unweighted median,EuroCOVIDhub,median,Cases,2,MT,1.02,0.89,0.29,0.71,0.51,7,1,Malta,2021-05-03
All,Unweighted mean,EuroCOVIDhub,mean,Cases,3,MT,1.18,1.06,0.5,0.5,0.58,6,1,Malta,2021-05-03
All,Unweighted median,EuroCOVIDhub,median,Cases,3,MT,0.97,0.93,0.5,0.5,0.5,6,1,Malta,2021-05-03
All,Unweighted mean,EuroCOVIDhub,mean,Cases,4,MT,1.22,1.09,0.2,0.4,0.68,5,1,Malta,2021-05-03
All,Unweighted median,EuroCOVIDhub,median,Cases,4,MT,0.97,0.94,0.4,0.4,0.64,5,1,Malta,2021-05-03
All,Weighted mean,EuroCOVIDhub,All_relative_skill_weighted_mean,Deaths,1,MT,0.86,0.95,0.75,1,0.38,4,1,Malta,2021-05-03
All,Weighted median,EuroCOVIDhub,All_relative_skill_weighted_median,Deaths,1,MT,0.95,0.95,0.75,0.75,0.32,4,1,Malta,2021-05-03
All,Unweighted mean,EuroCOVIDhub,mean,Deaths,1,MT,1.05,0.97,0.62,1,0.26,8,1,Malta,2021-05-03
All,Unweighted median,EuroCOVIDhub,median,Deaths,1,MT,1.11,0.93,0.75,1,0.25,8,1,Malta,2021-05-03
All,Unweighted mean,EuroCOVIDhub,mean,Deaths,2,MT,0.97,0.96,0.71,0.86,0.46,7,1,Malta,2021-05-03
All,Unweighted median,EuroCOVIDhub,median,Deaths,2,MT,0.99,0.96,0.71,1,0.39,7,1,Malta,2021-05-03
All,Unweighted mean,EuroCOVIDhub,mean,Deaths,3,MT,1.14,1.07,0.33,0.83,0.67,6,1,Malta,2021-05-03
All,Unweighted median,EuroCOVIDhub,median,Deaths,3,MT,1.17,1.04,0.33,0.83,0.58,6,1,Malta,2021-05-03
All,Unweighted mean,EuroCOVIDhub,mean,Deaths,4,MT,1.03,1.09,0,0.8,0.84,5,1,Malta,2021-05-03
All,Unweighted median,EuroCOVIDhub,median,Deaths,4,MT,0.94,0.94,0.2,0.8,0.76,5,1,Malta,2021-05-03
All,Weighted mean,EuroCOVIDhub,All_relative_skill_weighted_mean,Cases,1,NL,0.99,0.83,0.5,1,0.08,4,1,Netherlands,2021-05-03
All,Weighted median,EuroCOVIDhub,All_relative_skill_weighted_median,Cases,1,NL,1.14,0.93,0.5,1,0.07,4,1,Netherlands,2021-05-03
All,Unweighted mean,EuroCOVIDhub,mean,Cases,1,NL,0.9,0.87,0.5,1,0.05,8,1,Netherlands,2021-05-03
All,Unweighted median,EuroCOVIDhub,median,Cases,1,NL,0.99,0.99,0.5,1,-0.01,8,1,Netherlands,2021-05-03
All,Unweighted mean,EuroCOVIDhub,mean,Cases,2,NL,1.23,1.17,0.29,1,0.06,7,1,Netherlands,2021-05-03
All,Unweighted median,EuroCOVIDhub,median,Cases,2,NL,1.26,1.19,0.29,1,0.06,7,1,Netherlands,2021-05-03
All,Unweighted mean,EuroCOVIDhub,mean,Cases,3,NL,1.51,1.51,0.5,1,0.08,6,1,Netherlands,2021-05-03
All,Unweighted median,EuroCOVIDhub,median,Cases,3,NL,1.36,1.45,0.5,0.83,0.07,6,1,Netherlands,2021-05-03
All,Unweighted mean,EuroCOVIDhub,mean,Cases,4,NL,1.77,1.83,0.4,1,0.28,5,1,Netherlands,2021-05-03
All,Unweighted median,EuroCOVIDhub,median,Cases,4,NL,1.75,1.7,0.4,1,0.24,5,1,Netherlands,2021-05-03
All,Weighted mean,EuroCOVIDhub,All_relative_skill_weighted_mean,Deaths,1,NL,0.56,0.61,1,1,0.12,4,1,Netherlands,2021-05-03
All,Weighted median,EuroCOVIDhub,All_relative_skill_weighted_median,Deaths,1,NL,0.56,0.51,1,1,0.07,4,1,Netherlands,2021-05-03
All,Unweighted mean,EuroCOVIDhub,mean,Deaths,1,NL,2.15,1.37,0.62,1,0.54,8,1,Netherlands,2021-05-03
All,Unweighted median,EuroCOVIDhub,median,Deaths,1,NL,1.92,1.23,0.75,1,0.4,8,1,Netherlands,2021-05-03
All,Unweighted mean,EuroCOVIDhub,mean,Deaths,2,NL,1.7,1.17,0.14,1,0.64,7,1,Netherlands,2021-05-03
All,Unweighted median,EuroCOVIDhub,median,Deaths,2,NL,1.64,1.14,0.43,1,0.51,7,1,Netherlands,2021-05-03
All,Unweighted mean,EuroCOVIDhub,mean,Deaths,3,NL,1.63,1.25,0.17,1,0.7,6,1,Netherlands,2021-05-03
All,Unweighted median,EuroCOVIDhub,median,Deaths,3,NL,1.52,1.21,0.33,1,0.6,6,1,Netherlands,2021-05-03
All,Unweighted mean,EuroCOVIDhub,mean,Deaths,4,NL,1.67,1.44,0,1,0.78,5,1,Netherlands,2021-05-03
All,Unweighted median,EuroCOVIDhub,median,Deaths,4,NL,1.53,1.37,0.2,1,0.74,5,1,Netherlands,2021-05-03
All,Weighted mean,EuroCOVIDhub,All_relative_skill_weighted_mean,Cases,1,NO,0.28,0.77,1,1,0.15,4,1,Norway,2021-05-03
All,Weighted median,EuroCOVIDhub,All_relative_skill_weighted_median,Cases,1,NO,0.19,0.53,1,1,0.2,4,1,Norway,2021-05-03
All,Unweighted mean,EuroCOVIDhub,mean,Cases,1,NO,0.88,0.75,0.62,1,0.21,8,1,Norway,2021-05-03
All,Unweighted median,EuroCOVIDhub,median,Cases,1,NO,0.84,0.63,0.62,1,0.2,8,1,Norway,2021-05-03
All,Unweighted mean,EuroCOVIDhub,mean,Cases,2,NO,1.23,1.08,0.43,1,0.4,7,1,Norway,2021-05-03
All,Unweighted median,EuroCOVIDhub,median,Cases,2,NO,1.07,1.03,0.43,1,0.43,7,1,Norway,2021-05-03
All,Unweighted mean,EuroCOVIDhub,mean,Cases,3,NO,1.94,1.66,0.17,1,0.65,6,1,Norway,2021-05-03
All,Unweighted median,EuroCOVIDhub,median,Cases,3,NO,1.61,1.4,0.17,1,0.65,6,1,Norway,2021-05-03
All,Unweighted mean,EuroCOVIDhub,mean,Cases,4,NO,2.77,2.6,0.2,1,0.72,5,1,Norway,2021-05-03
All,Unweighted median,EuroCOVIDhub,median,Cases,4,NO,2.05,1.96,0.2,1,0.7,5,1,Norway,2021-05-03
All,Weighted mean,EuroCOVIDhub,All_relative_skill_weighted_mean,Deaths,1,NO,0.93,1.04,0.5,1,-0.5,4,1,Norway,2021-05-03
All,Weighted median,EuroCOVIDhub,All_relative_skill_weighted_median,Deaths,1,NO,1.39,1.14,0.5,0.75,-0.52,4,1,Norway,2021-05-03
All,Unweighted mean,EuroCOVIDhub,mean,Deaths,1,NO,0.9,0.94,0.75,1,-0.12,8,1,Norway,2021-05-03
All,Unweighted median,EuroCOVIDhub,median,Deaths,1,NO,1.16,0.99,0.62,1,-0.19,8,1,Norway,2021-05-03
All,Unweighted mean,EuroCOVIDhub,mean,Deaths,2,NO,0.89,1,0.71,1,-0.19,7,1,Norway,2021-05-03
All,Unweighted median,EuroCOVIDhub,median,Deaths,2,NO,0.9,1,0.57,1,-0.29,7,1,Norway,2021-05-03
All,Unweighted mean,EuroCOVIDhub,mean,Deaths,3,NO,0.7,0.9,1,1,-0.17,6,1,Norway,2021-05-03
All,Unweighted median,EuroCOVIDhub,median,Deaths,3,NO,1,1,0.5,1,-0.25,6,1,Norway,2021-05-03
All,Unweighted mean,EuroCOVIDhub,mean,Deaths,4,NO,0.62,0.9,0.8,1,-0.2,5,1,Norway,2021-05-03
All,Unweighted median,EuroCOVIDhub,median,Deaths,4,NO,0.82,0.83,0.8,1,-0.34,5,1,Norway,2021-05-03
All,Weighted mean,EuroCOVIDhub,All_relative_skill_weighted_mean,Cases,1,PL,0.73,0.53,0.25,0.75,0.68,4,1,Poland,2021-05-03
All,Weighted median,EuroCOVIDhub,All_relative_skill_weighted_median,Cases,1,PL,0.73,0.5,0.25,0.75,0.65,4,1,Poland,2021-05-03
All,Unweighted mean,EuroCOVIDhub,mean,Cases,1,PL,0.69,0.64,0.5,0.88,0.32,8,1,Poland,2021-05-03
All,Unweighted median,EuroCOVIDhub,median,Cases,1,PL,0.65,0.56,0.5,0.88,0.38,8,1,Poland,2021-05-03
All,Unweighted mean,EuroCOVIDhub,mean,Cases,2,PL,0.87,0.72,0.29,0.57,0.47,7,1,Poland,2021-05-03
All,Unweighted median,EuroCOVIDhub,median,Cases,2,PL,0.86,0.71,0.14,0.71,0.5,7,1,Poland,2021-05-03
All,Unweighted mean,EuroCOVIDhub,mean,Cases,3,PL,1.19,1.03,0.17,0.33,0.55,6,1,Poland,2021-05-03
All,Unweighted median,EuroCOVIDhub,median,Cases,3,PL,1.17,1.01,0.17,0.5,0.52,6,1,Poland,2021-05-03
All,Unweighted mean,EuroCOVIDhub,mean,Cases,4,PL,1.73,1.51,0.2,0.4,0.66,5,1,Poland,2021-05-03
All,Unweighted median,EuroCOVIDhub,median,Cases,4,PL,1.54,1.35,0,0.4,0.6,5,1,Poland,2021-05-03
All,Weighted mean,EuroCOVIDhub,All_relative_skill_weighted_mean,Deaths,1,PL,0.34,0.45,1,1,0.12,4,1,Poland,2021-05-03
All,Weighted median,EuroCOVIDhub,All_relative_skill_weighted_median,Deaths,1,PL,0.35,0.42,1,1,0.05,4,1,Poland,2021-05-03
All,Unweighted mean,EuroCOVIDhub,mean,Deaths,1,PL,0.34,0.48,0.88,1,-0.1,8,1,Poland,2021-05-03
All,Unweighted median,EuroCOVIDhub,median,Deaths,1,PL,0.32,0.51,0.88,1,-0.16,8,1,Poland,2021-05-03
All,Unweighted mean,EuroCOVIDhub,mean,Deaths,2,PL,0.24,0.42,1,1,0.17,7,1,Poland,2021-05-03
All,Unweighted median,EuroCOVIDhub,median,Deaths,2,PL,0.31,0.42,1,1,-0.03,7,1,Poland,2021-05-03
All,Unweighted mean,EuroCOVIDhub,mean,Deaths,3,PL,0.37,0.43,1,1,0.2,6,1,Poland,2021-05-03
All,Unweighted median,EuroCOVIDhub,median,Deaths,3,PL,0.44,0.44,0.83,1,0.08,6,1,Poland,2021-05-03
All,Unweighted mean,EuroCOVIDhub,mean,Deaths,4,PL,0.61,0.58,0.6,1,0.3,5,1,Poland,2021-05-03
All,Unweighted median,EuroCOVIDhub,median,Deaths,4,PL,0.57,0.58,0.6,1,0.1,5,1,Poland,2021-05-03
All,Weighted mean,EuroCOVIDhub,All_relative_skill_weighted_mean,Cases,1,PT,1.09,0.72,0.75,1,0.02,4,1,Portugal,2021-05-03
All,Weighted median,EuroCOVIDhub,All_relative_skill_weighted_median,Cases,1,PT,1.15,0.76,0.5,1,0.07,4,1,Portugal,2021-05-03
All,Unweighted mean,EuroCOVIDhub,mean,Cases,1,PT,0.95,0.76,0.75,1,-0.1,8,1,Portugal,2021-05-03
All,Unweighted median,EuroCOVIDhub,median,Cases,1,PT,1.01,0.74,0.62,1,-0.1,8,1,Portugal,2021-05-03
All,Unweighted mean,EuroCOVIDhub,mean,Cases,2,PT,1.16,0.6,0.43,1,-0.2,7,1,Portugal,2021-05-03
All,Unweighted median,EuroCOVIDhub,median,Cases,2,PT,1.1,0.56,0.43,1,-0.24,7,1,Portugal,2021-05-03
All,Unweighted mean,EuroCOVIDhub,mean,Cases,3,PT,1.59,0.72,0.33,1,-0.33,6,1,Portugal,2021-05-03
All,Unweighted median,EuroCOVIDhub,median,Cases,3,PT,1.41,0.56,0.33,1,-0.37,6,1,Portugal,2021-05-03
All,Unweighted mean,EuroCOVIDhub,mean,Cases,4,PT,1.92,0.55,0.4,1,-0.52,5,1,Portugal,2021-05-03
All,Unweighted median,EuroCOVIDhub,median,Cases,4,PT,2.09,0.49,0.4,1,-0.56,5,1,Portugal,2021-05-03
All,Weighted mean,EuroCOVIDhub,All_relative_skill_weighted_mean,Deaths,1,PT,0.35,0.48,0.5,1,0.5,4,1,Portugal,2021-05-03
All,Weighted median,EuroCOVIDhub,All_relative_skill_weighted_median,Deaths,1,PT,0.39,0.44,0.5,1,0.52,4,1,Portugal,2021-05-03
All,Unweighted mean,EuroCOVIDhub,mean,Deaths,1,PT,0.27,0.58,0.75,1,0.32,8,1,Portugal,2021-05-03
All,Unweighted median,EuroCOVIDhub,median,Deaths,1,PT,0.25,0.57,0.62,0.88,0.45,8,1,Portugal,2021-05-03
All,Unweighted mean,EuroCOVIDhub,mean,Deaths,2,PT,0.21,0.24,0.71,1,0.39,7,1,Portugal,2021-05-03
All,Unweighted median,EuroCOVIDhub,median,Deaths,2,PT,0.23,0.27,0.43,1,0.49,7,1,Portugal,2021-05-03
All,Unweighted mean,EuroCOVIDhub,mean,Deaths,3,PT,0.17,0.2,0.67,1,0.35,6,1,Portugal,2021-05-03
All,Unweighted median,EuroCOVIDhub,median,Deaths,3,PT,0.19,0.2,0.67,1,0.48,6,1,Portugal,2021-05-03
All,Unweighted mean,EuroCOVIDhub,mean,Deaths,4,PT,0.1,0.16,0.8,1,0.28,5,1,Portugal,2021-05-03
All,Unweighted median,EuroCOVIDhub,median,Deaths,4,PT,0.07,0.11,0.8,1,0.32,5,1,Portugal,2021-05-03
All,Weighted mean,EuroCOVIDhub,All_relative_skill_weighted_mean,Cases,1,RO,0.61,0.45,0.5,1,0.62,4,1,Romania,2021-05-03
All,Weighted median,EuroCOVIDhub,All_relative_skill_weighted_median,Cases,1,RO,0.53,0.39,0.5,1,0.55,4,1,Romania,2021-05-03
All,Unweighted mean,EuroCOVIDhub,mean,Cases,1,RO,0.61,0.51,0.62,1,0.44,8,1,Romania,2021-05-03
All,Unweighted median,EuroCOVIDhub,median,Cases,1,RO,0.65,0.49,0.62,1,0.36,8,1,Romania,2021-05-03
All,Unweighted mean,EuroCOVIDhub,mean,Cases,2,RO,0.83,0.73,0.29,1,0.57,7,1,Romania,2021-05-03
All,Unweighted median,EuroCOVIDhub,median,Cases,2,RO,0.85,0.73,0.29,1,0.54,7,1,Romania,2021-05-03
All,Unweighted mean,EuroCOVIDhub,mean,Cases,3,RO,1.12,1.04,0.33,0.67,0.68,6,1,Romania,2021-05-03
All,Unweighted median,EuroCOVIDhub,median,Cases,3,RO,1.17,1.03,0.33,0.67,0.68,6,1,Romania,2021-05-03
All,Unweighted mean,EuroCOVIDhub,mean,Cases,4,RO,1.66,1.58,0.2,0.4,0.78,5,1,Romania,2021-05-03
All,Unweighted median,EuroCOVIDhub,median,Cases,4,RO,1.69,1.5,0.2,0.4,0.76,5,1,Romania,2021-05-03
All,Weighted mean,EuroCOVIDhub,All_relative_skill_weighted_mean,Deaths,1,RO,0.77,0.61,0.5,1,-0.12,4,1,Romania,2021-05-03
All,Weighted median,EuroCOVIDhub,All_relative_skill_weighted_median,Deaths,1,RO,0.93,0.72,0.5,0.75,-0.1,4,1,Romania,2021-05-03
All,Unweighted mean,EuroCOVIDhub,mean,Deaths,1,RO,0.68,0.75,0.75,1,-0.29,8,1,Romania,2021-05-03
All,Unweighted median,EuroCOVIDhub,median,Deaths,1,RO,0.71,0.82,0.75,0.88,-0.31,8,1,Romania,2021-05-03
All,Unweighted mean,EuroCOVIDhub,mean,Deaths,2,RO,0.56,0.54,0.71,1,-0.39,7,1,Romania,2021-05-03
All,Unweighted median,EuroCOVIDhub,median,Deaths,2,RO,0.71,0.67,0.43,1,-0.5,7,1,Romania,2021-05-03
All,Unweighted mean,EuroCOVIDhub,mean,Deaths,3,RO,0.4,0.39,0.67,1,-0.27,6,1,Romania,2021-05-03
All,Unweighted median,EuroCOVIDhub,median,Deaths,3,RO,0.49,0.43,0.67,1,-0.35,6,1,Romania,2021-05-03
All,Unweighted mean,EuroCOVIDhub,mean,Deaths,4,RO,0.35,0.38,1,1,-0.06,5,1,Romania,2021-05-03
All,Unweighted median,EuroCOVIDhub,median,Deaths,4,RO,0.41,0.39,0.8,1,-0.12,5,1,Romania,2021-05-03
All,Weighted mean,EuroCOVIDhub,All_relative_skill_weighted_mean,Cases,1,SE,0.89,0.93,0.75,1,-0.07,4,1,Sweden,2021-05-03
All,Weighted median,EuroCOVIDhub,All_relative_skill_weighted_median,Cases,1,SE,1.02,0.91,0.75,1,0.03,4,1,Sweden,2021-05-03
All,Unweighted mean,EuroCOVIDhub,mean,Cases,1,SE,1.09,1.33,0.88,1,-0.1,8,1,Sweden,2021-05-03
All,Unweighted median,EuroCOVIDhub,median,Cases,1,SE,1.08,1.09,0.88,1,-0.11,8,1,Sweden,2021-05-03
All,Unweighted mean,EuroCOVIDhub,mean,Cases,2,SE,0.92,1.08,0.86,1,-0.17,7,1,Sweden,2021-05-03
All,Unweighted median,EuroCOVIDhub,median,Cases,2,SE,1.03,1,0.86,1,-0.14,7,1,Sweden,2021-05-03
All,Unweighted mean,EuroCOVIDhub,mean,Cases,3,SE,0.93,1.09,0.83,1,-0.25,6,1,Sweden,2021-05-03
All,Unweighted median,EuroCOVIDhub,median,Cases,3,SE,0.9,1.03,0.83,1,-0.25,6,1,Sweden,2021-05-03
All,Unweighted mean,EuroCOVIDhub,mean,Cases,4,SE,1.19,1.23,0.8,1,-0.28,5,1,Sweden,2021-05-03
All,Unweighted median,EuroCOVIDhub,median,Cases,4,SE,1.08,1.17,0.8,1,-0.28,5,1,Sweden,2021-05-03
All,Weighted mean,EuroCOVIDhub,All_relative_skill_weighted_mean,Deaths,1,SE,1.08,0.89,0.5,1,0,4,1,Sweden,2021-05-03
All,Weighted median,EuroCOVIDhub,All_relative_skill_weighted_median,Deaths,1,SE,1.18,0.93,0.5,1,-0.08,4,1,Sweden,2021-05-03
All,Unweighted mean,EuroCOVIDhub,mean,Deaths,1,SE,0.9,1.06,0.62,1,0.32,8,1,Sweden,2021-05-03
All,Unweighted median,EuroCOVIDhub,median,Deaths,1,SE,0.86,0.93,0.88,1,0.16,8,1,Sweden,2021-05-03
All,Unweighted mean,EuroCOVIDhub,mean,Deaths,2,SE,1.05,0.86,0.71,1,0.24,7,1,Sweden,2021-05-03
All,Unweighted median,EuroCOVIDhub,median,Deaths,2,SE,1.12,0.73,1,1,0.2,7,1,Sweden,2021-05-03
All,Unweighted mean,EuroCOVIDhub,mean,Deaths,3,SE,1.07,0.79,1,1,0.07,6,1,Sweden,2021-05-03
All,Unweighted median,EuroCOVIDhub,median,Deaths,3,SE,0.98,0.57,1,1,0.05,6,1,Sweden,2021-05-03
All,Unweighted mean,EuroCOVIDhub,mean,Deaths,4,SE,0.85,0.77,1,1,0.04,5,1,Sweden,2021-05-03
All,Unweighted median,EuroCOVIDhub,median,Deaths,4,SE,1.05,0.64,0.6,1,0.02,5,1,Sweden,2021-05-03
All,Weighted mean,EuroCOVIDhub,All_relative_skill_weighted_mean,Cases,1,SI,1.14,1.06,0.75,1,0.28,4,1,Slovenia,2021-05-03
All,Weighted median,EuroCOVIDhub,All_relative_skill_weighted_median,Cases,1,SI,1.24,1.14,0.75,1,0.4,4,1,Slovenia,2021-05-03
All,Unweighted mean,EuroCOVIDhub,mean,Cases,1,SI,0.95,1.03,0.75,1,-0.01,8,1,Slovenia,2021-05-03
All,Unweighted median,EuroCOVIDhub,median,Cases,1,SI,0.94,1.07,0.62,1,0.01,8,1,Slovenia,2021-05-03
All,Unweighted mean,EuroCOVIDhub,mean,Cases,2,SI,1.31,1.17,0.43,1,-0.01,7,1,Slovenia,2021-05-03
All,Unweighted median,EuroCOVIDhub,median,Cases,2,SI,1.39,1.2,0.43,1,0,7,1,Slovenia,2021-05-03
All,Unweighted mean,EuroCOVIDhub,mean,Cases,3,SI,1.49,1.4,0.17,1,0.1,6,1,Slovenia,2021-05-03
All,Unweighted median,EuroCOVIDhub,median,Cases,3,SI,1.51,1.39,0.17,1,0.1,6,1,Slovenia,2021-05-03
All,Unweighted mean,EuroCOVIDhub,mean,Cases,4,SI,1.84,1.7,0.2,1,0.08,5,1,Slovenia,2021-05-03
All,Unweighted median,EuroCOVIDhub,median,Cases,4,SI,1.76,1.65,0.2,1,0.08,5,1,Slovenia,2021-05-03
All,Weighted mean,EuroCOVIDhub,All_relative_skill_weighted_mean,Deaths,1,SI,1.28,0.99,0.75,1,-0.05,4,1,Slovenia,2021-05-03
All,Weighted median,EuroCOVIDhub,All_relative_skill_weighted_median,Deaths,1,SI,1.24,0.9,0.75,1,-0.07,4,1,Slovenia,2021-05-03
All,Unweighted mean,EuroCOVIDhub,mean,Deaths,1,SI,1.15,1.13,0.5,1,-0.09,8,1,Slovenia,2021-05-03
All,Unweighted median,EuroCOVIDhub,median,Deaths,1,SI,0.95,1.03,0.38,1,-0.14,8,1,Slovenia,2021-05-03
All,Unweighted mean,EuroCOVIDhub,mean,Deaths,2,SI,1.15,0.91,0.57,1,-0.09,7,1,Slovenia,2021-05-03
All,Unweighted median,EuroCOVIDhub,median,Deaths,2,SI,1.15,0.87,0.43,1,-0.19,7,1,Slovenia,2021-05-03
All,Unweighted mean,EuroCOVIDhub,mean,Deaths,3,SI,1.25,0.86,0.83,1,-0.13,6,1,Slovenia,2021-05-03
All,Unweighted median,EuroCOVIDhub,median,Deaths,3,SI,1.38,1,0.5,0.83,-0.12,6,1,Slovenia,2021-05-03
All,Unweighted mean,EuroCOVIDhub,mean,Deaths,4,SI,2.95,0.84,0.6,1,-0.24,5,1,Slovenia,2021-05-03
All,Unweighted median,EuroCOVIDhub,median,Deaths,4,SI,3.51,1.04,0.6,1,-0.26,5,1,Slovenia,2021-05-03
All,Weighted mean,EuroCOVIDhub,All_relative_skill_weighted_mean,Deaths,1,SK,1.01,0.8,0.25,1,0.02,4,1,Slovakia,2021-05-03
All,Weighted median,EuroCOVIDhub,All_relative_skill_weighted_median,Deaths,1,SK,0.87,0.81,0.25,1,0.12,4,1,Slovakia,2021-05-03
All,Unweighted mean,EuroCOVIDhub,mean,Deaths,1,SK,1.02,0.83,0.25,1,0.02,8,1,Slovakia,2021-05-03
All,Unweighted median,EuroCOVIDhub,median,Deaths,1,SK,1.03,0.84,0.38,1,0.05,8,1,Slovakia,2021-05-03
All,Unweighted mean,EuroCOVIDhub,mean,Deaths,2,SK,1.04,0.85,0.29,0.86,0.04,7,1,Slovakia,2021-05-03
All,Unweighted median,EuroCOVIDhub,median,Deaths,2,SK,1.06,0.86,0.29,0.86,0.01,7,1,Slovakia,2021-05-03
All,Unweighted mean,EuroCOVIDhub,mean,Deaths,3,SK,1.09,0.89,0,1,-0.02,6,1,Slovakia,2021-05-03
All,Unweighted median,EuroCOVIDhub,median,Deaths,3,SK,1.1,0.89,0.33,1,-0.02,6,1,Slovakia,2021-05-03
All,Unweighted mean,EuroCOVIDhub,mean,Deaths,4,SK,0.99,0.84,0.4,1,-0.14,5,1,Slovakia,2021-05-03
All,Unweighted median,EuroCOVIDhub,median,Deaths,4,SK,1.09,0.9,0.4,1,-0.14,5,1,Slovakia,2021-05-03
